filename,caption,alt text,additional description
86AE205-profile.png,[86.AE.205 (no. 1)](/catalogue/1/),Line drawing profile view of the krater,
73AE135-profile.png,[73.AE.135 (no. 2)](/catalogue/2/),Line drawing profile view of the krater,
86AE206-profile.png,[86.AE.206 (no. 5)](/catalogue/5/),Line drawing profile view of the krater,
83AE252-profile.png,[83.AE.252 (no. 6)](/catalogue/6/),Line drawing profile view of the krater,
83AE255-profile.png,[83.AE.255 (no. 7)](/catalogue/7/),Line drawing profile view of the krater,
81AE37-profile.png,[81.AE.37 (no. 9)](/catalogue/9/),Line drawing profile view of the krater,
86AE208-profile.png,[86.AE.208 and 86.AE.210 (no. 10)](/catalogue/10/),Line drawing profile view of the krater,
78AE380-profile.png,[78.AE.380 (no. 11)](/catalogue/11/),Line drwwing profile view of the krater,
81AE161-profile.png,[81.AE.161 (no. 12)](/catalogue/12/),Line drawing profile view of the krater,
82AE143-profile.png,[82.AE.143 (no. 13)](/catalogue/13/),Line drawing profile view of the krater,
77AE11-profile.png,[77.AE.11 (no. 19)](/catalogue/19/),Line drawing profile view of the krater,
79AE198-profile.png,[79.AE.198 (no. 23)](/catalogue/23/),Line drawing profile view of the krater,
87AE93-profile-a.png,[87.AE.93 (no. 24)](/catalogue/24/),Line drawing profile view of the krater,
87AE93-profile-b.png,[87.AE.93 (no. 24)](/catalogue/24/),Line drawing profile view of the krater,
87AE93-profile-c.png,[87.AE.93 (no. 24)](/catalogue/24/),Line drawing profile view of the krater,
00821901.jpg,"73.AE.135, side A","One view of a vase, the body depicting a woman holding cups or bells","Mixing Vessel with a Dancing Girl; Myson (Greek (Attic), active 500–475 B.C.); Athens, Greece; about 490 B.C.; Terracotta; 35 × 34.5 × 30 cm (13 3/4 × 13 9/16 × 11 13/16 in.); 73.AE.135"
008219F3V1.jpg,"73.AE.135, side B","Another view of the vase, the body depicting a man holding a disk","Mixing Vessel with a Dancing Girl; Myson (Greek (Attic), active 500–475 B.C.); Athens, Greece; about 490 B.C.; Terracotta; 35 × 34.5 × 30 cm (13 3/4 × 13 9/16 × 11 13/16 in.); 73.AE.135"
008219F4V1.jpg,"73.AE.135, side B/A","Side view of the vase, showing some decoration on the right side of the neck and at the base of the body, but not showing the figures (almost all black)","Mixing Vessel with a Dancing Girl; Myson (Greek (Attic), active 500–475 B.C.); Athens, Greece; about 490 B.C.; Terracotta; 35 × 34.5 × 30 cm (13 3/4 × 13 9/16 × 11 13/16 in.); 73.AE.135"
008219F5V1.jpg,"73.AE.135, side A/B","The other side of the vase, showing some decoration on the left side of the neck and along the base of the body, but not showing the figures (almost all black)","Mixing Vessel with a Dancing Girl; Myson (Greek (Attic), active 500–475 B.C.); Athens, Greece; about 490 B.C.; Terracotta; 35 × 34.5 × 30 cm (13 3/4 × 13 9/16 × 11 13/16 in.); 73.AE.135"
008219F6V1.jpg,"73.AE.135, view of top","View of the top of the vase, not showing any decoration (just black)","Mixing Vessel with a Dancing Girl; Myson (Greek (Attic), active 500–475 B.C.); Athens, Greece; about 490 B.C.; Terracotta; 35 × 34.5 × 30 cm (13 3/4 × 13 9/16 × 11 13/16 in.); 73.AE.135"
00821901-detail-a.jpg,"73.AE.135, side A, detail of body",Detail showing just the female figure,"Mixing Vessel with a Dancing Girl; Myson (Greek (Attic), active 500–475 B.C.); Athens, Greece; about 490 B.C.; Terracotta; 35 × 34.5 × 30 cm (13 3/4 × 13 9/16 × 11 13/16 in.); 73.AE.135"
008219F3V1-detail-b.jpg,"73.AE.135, side B, detail of body",Detail showing just the male figure,"Mixing Vessel with a Dancing Girl; Myson (Greek (Attic), active 500–475 B.C.); Athens, Greece; about 490 B.C.; Terracotta; 35 × 34.5 × 30 cm (13 3/4 × 13 9/16 × 11 13/16 in.); 73.AE.135"
008219F3V1-detail-c.jpg,"73.AE.135, side B, detail of diskos",Detail showing the man's head and the disk,"Mixing Vessel with a Dancing Girl; Myson (Greek (Attic), active 500–475 B.C.); Athens, Greece; about 490 B.C.; Terracotta; 35 × 34.5 × 30 cm (13 3/4 × 13 9/16 × 11 13/16 in.); 73.AE.135"
00865801.jpg,"76.AE.131.10, fragment from body of vessel",Pottery fragment with black lines,76.AE.131.10
008658F1V1.jpg,"76.AE.131.10, interior view of fragment from body of vessel",The back of the pottery fragment,76.AE.131.10
008713D32V1.jpg,"77.AE.11, side B, detail from upper middle zone of neck","A detail of the neck, with people on horses carrying spears","Red-Figure Volute Krater; Attributed to Kleophrades Painter (Greek (Attic), active 505–475 B.C.); Athens, Greece; 500–480 B.C.; Terracotta; 56.9 × 46.9 cm (22 3/8 × 18 7/16 in.); 77.AE.11"
00871301.jpg,"77.AE.11, side B","Another view of a restored vase, with a black body and decoration around the neck","Red-Figure Volute Krater; Attributed to Kleophrades Painter (Greek (Attic), active 505–475 B.C.); Athens, Greece; 500–480 B.C.; Terracotta; 56.9 × 46.9 cm (22 3/8 × 18 7/16 in.); 77.AE.11"
008713D33V1.jpg,"77.AE.11, side B, detail from lower middle zone of neck","A detail of the neck, showing several people and a lot of damage","Red-Figure Volute Krater; Attributed to Kleophrades Painter (Greek (Attic), active 505–475 B.C.); Athens, Greece; 500–480 B.C.; Terracotta; 56.9 × 46.9 cm (22 3/8 × 18 7/16 in.); 77.AE.11"
008713D34V1.jpg,"77.AE.11, side B, detail from upper left zone of neck","A detail of the neck, with men with shields and spears and several people partially visible","Red-Figure Volute Krater; Attributed to Kleophrades Painter (Greek (Attic), active 505–475 B.C.); Athens, Greece; 500–480 B.C.; Terracotta; 56.9 × 46.9 cm (22 3/8 × 18 7/16 in.); 77.AE.11"
008713D35V1.jpg,"77.AE.11, side B, detail from lower left zone of neck","A detail of the neck, showing three people on foot","Red-Figure Volute Krater; Attributed to Kleophrades Painter (Greek (Attic), active 505–475 B.C.); Athens, Greece; 500–480 B.C.; Terracotta; 56.9 × 46.9 cm (22 3/8 × 18 7/16 in.); 77.AE.11"
008713D36V1.jpg,"77.AE.11, side B, detail from upper right zone of neck","A detail of the neck, with people and horses chasing/attacking one person","Red-Figure Volute Krater; Attributed to Kleophrades Painter (Greek (Attic), active 505–475 B.C.); Athens, Greece; 500–480 B.C.; Terracotta; 56.9 × 46.9 cm (22 3/8 × 18 7/16 in.); 77.AE.11"
008713D37V1.jpg,"77.AE.11, side B, detail from lower right zone of neck","A detail of the neck, showing people approaching a sitting man","Red-Figure Volute Krater; Attributed to Kleophrades Painter (Greek (Attic), active 505–475 B.C.); Athens, Greece; 500–480 B.C.; Terracotta; 56.9 × 46.9 cm (22 3/8 × 18 7/16 in.); 77.AE.11"
008713D38V1.jpg,"77.AE.11, side A, detail of upper left zone of neck","A detail of the neck, mostly showing missing decoration","Red-Figure Volute Krater; Attributed to Kleophrades Painter (Greek (Attic), active 505–475 B.C.); Athens, Greece; 500–480 B.C.; Terracotta; 56.9 × 46.9 cm (22 3/8 × 18 7/16 in.); 77.AE.11"
008713D39V1.jpg,"77.AE.11, side A, detail of upper middle zone of neck","A detail of the neck, showing people in battle & large areas of damage","Red-Figure Volute Krater; Attributed to Kleophrades Painter (Greek (Attic), active 505–475 B.C.); Athens, Greece; 500–480 B.C.; Terracotta; 56.9 × 46.9 cm (22 3/8 × 18 7/16 in.); 77.AE.11"
008713D40V1.jpg,"77.AE.11, side A, detail of upper right zone of neck","A detail of the neck, showing a lot of people in battle","Red-Figure Volute Krater; Attributed to Kleophrades Painter (Greek (Attic), active 505–475 B.C.); Athens, Greece; 500–480 B.C.; Terracotta; 56.9 × 46.9 cm (22 3/8 × 18 7/16 in.); 77.AE.11"
008713D41V1.jpg,"77.AE.11, side A, detail of lower middle zone of neck","A detail of the neck, which includes a multi-headed serpent and a lot of missing decoration","Red-Figure Volute Krater; Attributed to Kleophrades Painter (Greek (Attic), active 505–475 B.C.); Athens, Greece; 500–480 B.C.; Terracotta; 56.9 × 46.9 cm (22 3/8 × 18 7/16 in.); 77.AE.11"
008713D42V1.jpg,"77.AE.11, side A, detail of lower right zone of neck","A detail of the neck, showing lots of damage and a small portion of another multi-headed serpent","Red-Figure Volute Krater; Attributed to Kleophrades Painter (Greek (Attic), active 505–475 B.C.); Athens, Greece; 500–480 B.C.; Terracotta; 56.9 × 46.9 cm (22 3/8 × 18 7/16 in.); 77.AE.11"
008713F11V1.jpg,"77.AE.11, side A",View of the pre-conservation vase with a black body and some decoration around the neck,"Red-Figure Volute Krater; Attributed to Kleophrades Painter (Greek (Attic), active 505–475 B.C.); Athens, Greece; 500–480 B.C.; Terracotta; 56.9 × 46.9 cm (22 3/8 × 18 7/16 in.); 77.AE.11"
008713F12V1.jpg,"77.AE.11, side A/B",One side of the restored vase,"Red-Figure Volute Krater; Attributed to Kleophrades Painter (Greek (Attic), active 505–475 B.C.); Athens, Greece; 500–480 B.C.; Terracotta; 56.9 × 46.9 cm (22 3/8 × 18 7/16 in.); 77.AE.11"
008713F13V1.jpg,"77.AE.11, side B/A",The other side of the restored vase,"Red-Figure Volute Krater; Attributed to Kleophrades Painter (Greek (Attic), active 505–475 B.C.); Athens, Greece; 500–480 B.C.; Terracotta; 56.9 × 46.9 cm (22 3/8 × 18 7/16 in.); 77.AE.11"
008713F14V1.jpg,"77.AE.11, view of top","View from the top, with clearly visible damage","Red-Figure Volute Krater; Attributed to Kleophrades Painter (Greek (Attic), active 505–475 B.C.); Athens, Greece; 500–480 B.C.; Terracotta; 56.9 × 46.9 cm (22 3/8 × 18 7/16 in.); 77.AE.11"
11430101.jpg,"78.AE.380.1, side A","One view of a vase, with the body decoration showing four people","Attic Red-Figure Column Krater; Agrigento Painter; Athens, Greece, Europe; 470–460 B.C.; Terracotta; 33.5 cm (13 3/16 in.); 78.AE.380.1"
114301F1V1.jpg,"78.AE.380.1, side B","Another view of the vase, the body decoration showing three people","Attic Red-Figure Column Krater; Agrigento Painter; Athens, Greece, Europe; 470–460 B.C.; Terracotta; 33.5 cm (13 3/16 in.); 78.AE.380.1"
114301F2V1.jpg,"78.AE.380.1, side A/B",The other side of the vase,"Attic Red-Figure Column Krater; Agrigento Painter; Athens, Greece, Europe; 470–460 B.C.; Terracotta; 33.5 cm (13 3/16 in.); 78.AE.380.1"
114301F3V1.jpg,"78.AE.380.1, side B/A",One side of the vase,"Attic Red-Figure Column Krater; Agrigento Painter; Athens, Greece, Europe; 470–460 B.C.; Terracotta; 33.5 cm (13 3/16 in.); 78.AE.380.1"
114301F4V1.jpg,"78.AE.380.1, view of top","The top of the vase, showing a little bit of decoration","Attic Red-Figure Column Krater; Agrigento Painter; Athens, Greece, Europe; 470–460 B.C.; Terracotta; 33.5 cm (13 3/16 in.); 78.AE.380.1"
01032401.jpg,"79.AE.198, side A","The top portion of a broken vase (lip, neck, and part of the shoulder), image showing one portion with people and patterns","Attic Red-Figure Volute Krater; Attributed to Polygnotos (Greek (Attic), active 450–430 B.C.); Athens, Greece; about 445–430 B.C.; Terracotta; 28.8 × 47.7 cm (11 5/16 × 18 3/4 in.); 79.AE.198"
010324D1V1.jpg,"79.AE.198, side A, detail showing inscriptions for Ajax and Kassandra","A detail of the neck ring?, showing a pattern and a black area with a lot of damage","Attic Red-Figure Volute Krater; Attributed to Polygnotos (Greek (Attic), active 450–430 B.C.); Athens, Greece; about 445–430 B.C.; Terracotta; 28.8 × 47.7 cm (11 5/16 × 18 3/4 in.); 79.AE.198"
010324D2V1.jpg,"79.AE.198, side A, detail showing inscription for Athena","Another detail of the neck ring?, showing a pattern, portions of two heads, and a black area with a lot of damage","Attic Red-Figure Volute Krater; Attributed to Polygnotos (Greek (Attic), active 450–430 B.C.); Athens, Greece; about 445–430 B.C.; Terracotta; 28.8 × 47.7 cm (11 5/16 × 18 3/4 in.); 79.AE.198"
010324D3V1.jpg,"79.AE.198, side A, neck, detail showing three letters between satyr and maenad","A small detail from the neck, that includes a ring with dots","Attic Red-Figure Volute Krater; Attributed to Polygnotos (Greek (Attic), active 450–430 B.C.); Athens, Greece; about 445–430 B.C.; Terracotta; 28.8 × 47.7 cm (11 5/16 × 18 3/4 in.); 79.AE.198"
010324D4V1.jpg,"79.AE.198, side A, detail showing inscription for Menelaos","A detail of the neck ring?, that includes a pattern, and a foot","Attic Red-Figure Volute Krater; Attributed to Polygnotos (Greek (Attic), active 450–430 B.C.); Athens, Greece; about 445–430 B.C.; Terracotta; 28.8 × 47.7 cm (11 5/16 × 18 3/4 in.); 79.AE.198"
010324F2V1.jpg,"79.AE.198, side B","The opposite side of the top portion of the broken vase, showing people and patterns, including a man dropping a vase, and a large hole","Attic Red-Figure Volute Krater; Attributed to Polygnotos (Greek (Attic), active 450–430 B.C.); Athens, Greece; about 445–430 B.C.; Terracotta; 28.8 × 47.7 cm (11 5/16 × 18 3/4 in.); 79.AE.198"
010324F4V1.jpg,"79.AE.198, side B/A","Another view of the top portion of the broken vase, showing where a handle looks like it broke off, showing more people and patterns","Attic Red-Figure Volute Krater; Attributed to Polygnotos (Greek (Attic), active 450–430 B.C.); Athens, Greece; about 445–430 B.C.; Terracotta; 28.8 × 47.7 cm (11 5/16 × 18 3/4 in.); 79.AE.198"
010324F6V1.jpg,"79.AE.198, side A/B","The other side of the top portion of the broken vase where a handle looks like it broke off, showing more people and patterns","Attic Red-Figure Volute Krater; Attributed to Polygnotos (Greek (Attic), active 450–430 B.C.); Athens, Greece; about 445–430 B.C.; Terracotta; 28.8 × 47.7 cm (11 5/16 × 18 3/4 in.); 79.AE.198"
02486201.jpg,"79.AE.95.12 and 79.AE.95.13, fragments from neck of vessel","Two pottery fragments, each showing a vine with heart-shaped leaves","79.AE.95.12, 79.AE.95.13"
024862F1V1.jpg,"79.AE.95.12 and 79.AE.95.13, interior view of fragments from neck of vessel","The back side of the two pottery fragments, one mostly black, the other is mottled","79.AE.95.12, 79.AE.95.13"
01717901.jpg,"80.AE.138.13, fragment from shoulder and body of vessel",Pottery fragment showing a pattern made of dots and curves,80.AE.138.13
017179F1V1.jpg,"80.AE.138.13, interior view of fragment from shoulder and body of vessel","The back of the pottery fragment, half black",80.AE.138.13
gml_01153701.jpg,"81.AE.161, side A","One view of a vase, with the body showing three people, two of them are naked and have tails","Attic Red-Figure Column Krater; Unknown; Athens, Greece, Europe; about 460 B.C.; Terracotta; 30.5 cm (12 in.); 81.AE.161"
gml_011537F2V1.jpg,"81.AE.161, side B","Another view of the vase, the body decoration showing two people in clothes","Attic Red-Figure Column Krater; Unknown; Athens, Greece, Europe; about 460 B.C.; Terracotta; 30.5 cm (12 in.); 81.AE.161"
gml_011537F4V1.jpg,"81.AE.161, side A/B","One side of the vase, with the neck decoration visible on the left","Attic Red-Figure Column Krater; Unknown; Athens, Greece, Europe; about 460 B.C.; Terracotta; 30.5 cm (12 in.); 81.AE.161"
gml_011537F6V1.jpg,"81.AE.161, side B/A","The other side of the vase, with the neck decoration visible on the right","Attic Red-Figure Column Krater; Unknown; Athens, Greece, Europe; about 460 B.C.; Terracotta; 30.5 cm (12 in.); 81.AE.161"
gml_011537F8V1.jpg,"81.AE.161, view of top of rim",The top of the vase,"Attic Red-Figure Column Krater; Unknown; Athens, Greece, Europe; about 460 B.C.; Terracotta; 30.5 cm (12 in.); 81.AE.161"
02666601.jpg,"81.AE.188.7, fragment from neck of vessel",A pottery fragment showing a repeating pattern (possibly stylized flowers?),81.AE.188.7
026666F1V1.jpg,"81.AE.188.7, interior view of fragment from neck of vessel","The back of the pottery fragment, mostly black",81.AE.188.7
gml_01230201.jpg,"82.AE.143, side A","One view of a vase, with the body decoration depicting three people and a griffin(?) on a pedestal","Attic Red-Figure Column Krater; Attributed to the Painter of London E489; Athens, Greece, Europe; about 460 B.C.; Terracotta; 38.5 × 30.5 cm (15 3/16 × 12 in.); 82.AE.143"
gml_012302F10V1.jpg,"82.AE.143, side B/A","One side of the vase, with the neck's decoration appearing on the right","Attic Red-Figure Column Krater; Attributed to the Painter of London E489; Athens, Greece, Europe; about 460 B.C.; Terracotta; 38.5 × 30.5 cm (15 3/16 × 12 in.); 82.AE.143"
gml_012302F11V1.jpg,"82.AE.143, side B","Another view of a vase, with the body decoration depicting three people in clothes","Attic Red-Figure Column Krater; Attributed to the Painter of London E489; Athens, Greece, Europe; about 460 B.C.; Terracotta; 38.5 × 30.5 cm (15 3/16 × 12 in.); 82.AE.143"
gml_012302F12V1.jpg,"82.AE.143, side A/B","The other side of the vase, with the neck's decoration appearing on the left","Attic Red-Figure Column Krater; Attributed to the Painter of London E489; Athens, Greece, Europe; about 460 B.C.; Terracotta; 38.5 × 30.5 cm (15 3/16 × 12 in.); 82.AE.143"
gml_012302F8V1.jpg,"82.AE.143, view of top",The top of the vase,"Attic Red-Figure Column Krater; Attributed to the Painter of London E489; Athens, Greece, Europe; about 460 B.C.; Terracotta; 38.5 × 30.5 cm (15 3/16 × 12 in.); 82.AE.143"
gml_01241101.jpg,"83.AE.252, side A","One view of a vase, the body showing three people, two of them holding things, standing next to a larger object","Attic Red-Figure Column Krater; Pan Painter; Athens, Greece, Europe; about 480–470 B.C.; Terracotta; 32.5 × 24.7 cm (12 13/16 × 9 3/4 in.); 83.AE.252"
gml_012411F2V1.jpg,"83.AE.252, side B","Another view of the vase, the body showing two people standing on either side of a pedestal that is holding a vase","Attic Red-Figure Column Krater; Pan Painter; Athens, Greece, Europe; about 480–470 B.C.; Terracotta; 32.5 × 24.7 cm (12 13/16 × 9 3/4 in.); 83.AE.252"
gml_012411F4V1.jpg,"83.AE.252, side A/B",One side of the vase,"Attic Red-Figure Column Krater; Pan Painter; Athens, Greece, Europe; about 480–470 B.C.; Terracotta; 32.5 × 24.7 cm (12 13/16 × 9 3/4 in.); 83.AE.252"
gml_012411F6V1.jpg,"83.AE.252, side B/A",The other side of the vase,"Attic Red-Figure Column Krater; Pan Painter; Athens, Greece, Europe; about 480–470 B.C.; Terracotta; 32.5 × 24.7 cm (12 13/16 × 9 3/4 in.); 83.AE.252"
gml_012411F8V1.jpg,"83.AE.252, view of top",The top of the vase,"Attic Red-Figure Column Krater; Pan Painter; Athens, Greece, Europe; about 480–470 B.C.; Terracotta; 32.5 × 24.7 cm (12 13/16 × 9 3/4 in.); 83.AE.252"
gml_01241401.jpg,"83.AE.255, side A","One view of a vase, the body depicting two people, one holding what may be a crown","Attic Red-Figure Column Krater; Manner of Pan Painter; Athens, Greece, Europe; about 470 B.C.; Terracotta; 31.3 × 23.6 cm (12 5/16 × 9 5/16 in.); 83.AE.255"
gml_012414F2V1.jpg,"83.AE.255, side A/B",One side of the vase,"Attic Red-Figure Column Krater; Manner of Pan Painter; Athens, Greece, Europe; about 470 B.C.; Terracotta; 31.3 × 23.6 cm (12 5/16 × 9 5/16 in.); 83.AE.255"
gml_012414F4V1.jpg,"83.AE.255, side B","Another view of the vase, the body depicting one person","Attic Red-Figure Column Krater; Manner of Pan Painter; Athens, Greece, Europe; about 470 B.C.; Terracotta; 31.3 × 23.6 cm (12 5/16 × 9 5/16 in.); 83.AE.255"
gml_012414F6V1.jpg,"83.AE.255, side B/A",The other side of the vase,"Attic Red-Figure Column Krater; Manner of Pan Painter; Athens, Greece, Europe; about 470 B.C.; Terracotta; 31.3 × 23.6 cm (12 5/16 × 9 5/16 in.); 83.AE.255"
gml_012414F8V1.jpg,"83.AE.255, view of top",The top of the vase,"Attic Red-Figure Column Krater; Manner of Pan Painter; Athens, Greece, Europe; about 470 B.C.; Terracotta; 31.3 × 23.6 cm (12 5/16 × 9 5/16 in.); 83.AE.255"
03364901.jpg,"83.AE.284.201, fragment from body and shoulder of vessel","Damaged pottery fragment showing curved lines that may depict part of a face, shoulder, and arm",83.AE.284.201
033649F1V1.jpg,"83.AE.284.201, interior view of fragment from body and shoulder of vessel",Back side of the pottery fragment that is just black (aside from the damage),83.AE.284.201
01404401.jpg,"86.AE.202, fragment from neck of vessel",Pottery fragment showing some of the clothing of two people,86.AE.202
014044F1V1.jpg,"86.AE.202, interior view of fragment from neck of vessel","The back of the pottery fragment, mostly black",86.AE.202
01404501.jpg,"86.AE.203, fragment from rim and neck of vessel",Pottery fragment showing a geometric pattern and a reclining person holding a vase,86.AE.203
014045F1V1.jpg,"86.AE.203, interior view of fragment from rim and neck of vessel","The back of the pottery fragment, mostly black",86.AE.203
01404601.jpg,"86.AE.204, fragment from body of vessel",Pottery fragment showing a hand holding reigns (possibly) and part of another person's clothes,86.AE.204
014046F1V1.jpg,"86.AE.204, interior view of fragment from body of vessel",Back of the pottery fragment (black with red lines),86.AE.204
01404701.jpg,"86.AE.205, side A","One view of a vase, the body depicting two horses and two men",86.AE.205
014047F1V1.jpg,"86.AE.205, side B","The another view of the vase, the body depicting three men, one in clothes",86.AE.205
014047F2V1.jpg,"86.AE.205, side B/A","View of one side of the vase, with a horse just visible on the right",86.AE.205
014047F3V1.jpg,"86.AE.205, side A/B","View of the other side of the vase, with a horse just visible on the left",86.AE.205
014047F4V1.jpg,"86.AE.205, view of top",View of the top of the vase with various animal silhouettes visible,86.AE.205
01404701-detail-a.jpg,"86.AE.205, side A, detail of body",Detail of the two horses and two men,86.AE.205
014047F1V1-detail-b.jpg,"86.AE.205, side B, detail of body",Detail of the three men,86.AE.205
86AE205-detail-c.jpg,"86.AE.205, side A, detail of body",B/w detail of a horse,86.AE.205
86AE205-detail-d.jpg,"86.AE.205, side B, detail of body",B/w detail of one of the men,86.AE.205
01404801.jpg,"86.AE.206, side B","Another view of a vase, the body showing two people, one clothed and one not clothed (except for animal skins)",86.AE.206
014048F2V1.jpg,"86.AE.206, side A","One view of the vase, the body showing three people",86.AE.206
014048F3V1.jpg,"86.AE.206, side A/B",One side of the vase,86.AE.206
014048F4V1.jpg,"86.AE.206, side B/A",The other side of the vase,86.AE.206
014048F5V1.jpg,"86.AE.206, view of top",The top of the vase,86.AE.206
01404901.jpg,"86.AE.207, fragment from body of vessel",Pottery fragment with a black background and showing part of a man with a beard wearing clothing,86.AE.207
014049F1V1.jpg,"86.AE.207, interior view of fragment from body of vessel","The reverse side of the pottery fragment in illustration #20 (entry 4, view 1) (just showing lines)",86.AE.207
01405001.jpg,"86.AE.208 and 86.AE.210, fragments from shoulder and body of vessel (at left: 86.AE.210; at right: 86.AE.208)","Two pottery fragments, one showing a person's head and some decoration, the other showing a person's body, some decoration, and another object","86.AE.208, 86.AE.210"
014050F1V1.jpg,"86.AE.208 and 86.AE.210, interior view of fragments from shoulder and body of vessel (at left: 86.AE.210; at right: 86.AE.208)",The back side of the two pottery fragments,"86.AE.208, 86.AE.210"
01405201.jpg,"86.AE.209.1 and 86.AE.209.2, fragments from body of vessel","Two pottery fragments, one mostly light brown, the other mostly black","86.AE.209.1, 86.AE.209.2"
014052F1V1.jpg,"86.AE.201.1 and 86.AE.209.2, interior view of fragments from body of vessel","Back of the two pottery fragments, one mostly black, the other mostly grey","86.AE.209.1, 86.AE.209.2"
01405601.jpg,"86.AE.211.1–2, fragments from shoulder and body of vessel (at left: 86.AE.211.2; at right: 86.AE.211.1)","Two pottery fragments, both with a black background and red images, one showing a pattern of dots and a part of a body wearing material & the other showing the front torso of maybe two horses and then a cheetah head & neck","86.AE.211.1, 86.AE.211.2"
014056F1V1.jpg,"86.AE.211.1–2, interior view of fragments from shoulder and body of vessel (at left: 86.AE.211.2; at right: 86.AE.211.1)  ","The reverse side of the two pottery fragments in illustration #18 (entry 3, view 1) (mostly black with some wear)","86.AE.211.1, 86.AE.211.2"
01494001.jpg,"86.AE.587, side A, fragment from left end of lower zone of neck","A pottery fragment showing two feet, one planted and underneath a flowing garment, the other poised above",86.AE.587
014940F1V1.jpg,"86.AE.587, side A, interior view of fragment from left end of lower zone of neck","The back of the pottery fragment, partially black",86.AE.587
01499801.jpg,"87.AE.93, side A",One view of a highly decorated vase with ornate handles,87.AE.93
014998D25V1.jpg,"87.AE.93, side B, detail of middle of neck","Another detail of the neck of the vase, showing three people reclining and no emptiness on either side",87.AE.93
014998D26V1.jpg,"87.AE.93, side B, detail of right end of neck","Another detail of the neck of the vase, showing three people reclining and a black area on the right",87.AE.93
014998D27V1.jpg,"87.AE.93, side A, detail of handle",A detail of one of the handles,87.AE.93
014998D28V1.jpg,"87.AE.93, detail around base, Dionysos and Eros","Another detail of the foot of the vase, with some white showing and all the people in motion",87.AE.93
014998D29V1.jpg,"87.AE.93, detail around base, two dancing maenads and satyr","Smaller detail of the foot, with several people, the one in the middle draped in an animal skin and carrying a shield",87.AE.93
014998D30V1.jpg,"87.AE.93, detail around base, satyr with *keras*","Smaller detail of the foot, with several people, the one in the middle holding a staff upright",87.AE.93
014998D31V1.jpg,"87.AE.93, detail around base, satyr pursuing maenad","Smaller detail of the foot, with several people and a hare on the right",87.AE.93
014998D32V1.jpg,"87.AE.93, detail around base, satyr and hare","Smaller detail of the foot, with several people and a person chasing a hare in the middle",87.AE.93
014998D33V1.jpg,"87.AE.93, detail around base, dancing maenad and Silenos","Smaller detail of the foot, with several people and a person chasing a hare on the left",87.AE.93
014998D34V1.jpg,"87.AE.93, detail around base, two *komasts* approaching Dionysos","Smaller detail of the foot, with several people and a person reclining on the far right",87.AE.93
014998D35V1.jpg,"87.AE.93, side A, detail of left end of neck","A detail from the other side of the neck, showing three women, the one on the left holding a mirror",87.AE.93
014998D36V1.jpg,"87.AE.93, side A, detail of middle of neck","Another detail from the other side of the neck, showing three women, the one in the middle reclining, and a winged being",87.AE.93
014998D37V1.jpg,"87.AE.93, side A, detail of right end of neck","Another detail from the other side of the neck, showing three women, the one in the middle holding a mirror",87.AE.93
014998D38V1.jpg,"87.AE.93, side B, detail of left end of neck","A detail of the neck of the vase, showing two people reclining and a black area on the left",87.AE.93
014998F13V1.jpg,"87.AE.93, side B",Another view of the highly decorated vase with ornate handles,87.AE.93
014998F14V1.jpg,"87.AE.93, side B/A",One side of the vase,87.AE.93
014998F15V1.jpg,"87.AE.93, side A/B",The other side of the vase,87.AE.93
014998F16V1.jpg,"87.AE.93, view of top",A top view of the vase,87.AE.93
014998F17V1.jpg,"87.AE.93, side A, base","One detail of the foot of the vase, with some white showing and a seated person",87.AE.93
014998F18V1.jpg,"87.AE.93, side B, base","Another detail of the foot of the vase, with no white easily visible",87.AE.93
014998F19V1.jpg,"87.AE.93, side B/A, base","Another detail of the foot of the vase, with a little white showing on the right",87.AE.93
014998F20V1.jpg,"87.AE.93, side A/B, base","Another detail of the foot of the vase, with some white showing and all the people in motion",87.AE.93
gml_014998D5V1.jpg,"87.AE.93, detail of top of base, griffin attacking Arimasp","Another detail of the top of the foot, showing what looks like a griffin with its head lunging toward a person on the ground","Mixing Vessel with Adonis, Aphrodite, and Persephone; Attributed to the Meleager Painter (Greek (Attic), active 420–380 B.C.); Athens, Greece; 390–380 B.C.; Terracotta; 78.7 × 40.6 cm (31 × 16 in.); 87.AE.93"
014998D39V1.jpg,"87.AE.93, detail of top of base, griffin attacking Arimasp","A detail of the top of the foot, showing what looks like a griffin with its head pulled back, looking at a person on the ground",87.AE.93
03815701.jpg,"97.AE.58.2, side A, fragment from left end of upper zone of neck",A pottery fragment showing two heads of people who may be playing musical instruments,97.AE.58.2
038157F1V1.jpg,"97.AE.58.2, side A, interior view of fragment from left end of upper zone of neck","The back of the pottery fragment, all black",97.AE.58.2
13264101.jpg,"98.AE.82.1–12, group of twelve small fragments belonging to vessel",Twelve tiny pottery fragments,"98.AE.82.1, 98.AE.82.2, 98.AE.82.3, 98.AE.82.4, 98.AE.82.5, 98.AE.82.6, 98.AE.82.7, 98.AE.82.8, 98.AE.82.9, 98.AE.82.10, 98.AE.82.11, 98.AE.82.12"
132641F4V1.jpg,"98.AE.82.1–12, interior view of group of twelve small fragments belonging to vessel",The backs of the twelve tiny pottery fragments,"98.AE.82.1, 98.AE.82.2, 98.AE.82.3, 98.AE.82.4, 98.AE.82.5, 98.AE.82.6, 98.AE.82.7, 98.AE.82.8, 98.AE.82.9, 98.AE.82.10, 98.AE.82.11, 98.AE.82.12"
11430101-detail-a.jpg,"78.AE.380.1, side A, detail of body","Detail of the vase, showing the four people",78.AE.380.1
114301F1V1-detail-b.jpg,"78.AE.380.1, side B, detail of body","Other side detail of the vase, showing three people",78.AE.380.1
gm_11433601.jpg,"78.AE.380.36, 78.AE.380.58, 78.AE.380.62, 78.AE.380.67, body fragments associated with 78.AE.380.1",Front view of fragments associated with 78.AE.380.1,78.AE.380.1
gm_114336F1V1.jpg,"78.AE.380.36, 78.AE.380.58, 78.AE.380.62, 78.AE.380.67, interior view of body fragments associated with 78.AE.380.1",Back view of fragments associated with 78.AE.380.1,78.AE.380.1
01032401-detail-a.jpg,"79.AE.198, side A, detail of body","Detail of the shoulder, showing five heads",79.AE.198
01032401-detail-b.jpg,"79.AE.198, side A, detail of body",A smaller detail of 79AE198-detail-a showing two heads,79.AE.198
01032401-detail-c.jpg,"79.AE.198, side A, detail of body ",Another smaller detail of 79AE198-detail-a showing three heads,79.AE.198
010324F4V1-detail-d.jpg,"79.AE.198, side A, detail of body ",Another smaller detail of 79AE198-detail-a focused on one head but including part of the body of another person,79.AE.198
01032401-detail-e.jpg,"79.AE.198, side A, detail of neck","A detail of the neck, showing several people with animal skins and one with a small cat",79.AE.198
010324F6V1-detail-f.jpg,"79.AE.198, side A/B, detail of neck","Another detail of the neck, showing several people, perhaps an animal skin draped over the back of a human-like creature, and perhaps another vase in the air",79.AE.198
010324F2V1-detail-g.jpg,"79.AE.198, side B, detail of neck","Another detail of the neck, showing several people and one man dropping a vase",79.AE.198
010324F4V1-detail-h.jpg,"79.AE.198, side B/A, detail of neck","Another detail of the neck, showing several people and, perhaps, a vase in the air",79.AE.198
gml_01153701-detail-a.jpg,"81.AE.161, side A, detail of body",Detail of the three people,81.AE.161
gml_01153701-detail-b.jpg,"81.AE.161, side A, detail of neck",Detail of the vase's neck decoration that looks like heart-shaped leaves on a vine,81.AE.161
gml_01153701-detail-c.jpg,"81.AE.161, side A, detail of rim",Detail of the vase's lip (?) showing wild animals,81.AE.161
gml_011537F2V1-detail-d.jpg,"81.AE.161, side B, detail of body",Detail of the two people wearing clothing,81.AE.161
gm_01108401.jpg,"81.AE.37, side A","One view of a vase, the body decoration depicting two people, one with an outstretched arm, and leaves forming a pattern on the vase's neck",81.AE.37
gm_011084F9V1.jpg,"81.AE.37, side B","Another view of the vase, the body decoration includes one person holding a cane or staff and no decoration on the neck",81.AE.37
gm_011084F10V1.jpg,"81.AE.37, side A/B","Side view of the vase, with the leaves on the left",81.AE.37
gm_011084F11V1.jpg,"81.AE.37, side B/A","The other side view of the vase, with the leaves on the right",81.AE.37
gm_011084F12V1.jpg,"81.AE.37, view of top",View of the top of the vase,81.AE.37
gm_01108401-detail-a.jpg,"81.AE.37, side A, detail of body",Detail of the two people,81.AE.37
gm_01108401-detail-b.jpg,"81.AE.37, side A, detail of altar",Detail of the seat or altar next to the two people,81.AE.37
gm_011084F9V1-detail-c.jpg,"81.AE.37, side B, detail of body",Detail of the person with the cane or staff,81.AE.37
gml_01230201-detail-a.jpg,"82.AE.143, side A, detail of body",Detail of the three people and griffin,82.AE.143
gml_012302F11V1-detail-b.jpg,"82.AE.143, side B, detail of body",Detail of the three people,82.AE.143
gml_01241101-detail-a.jpg,"83.AE.252, side A, detail of body",Detail of the three people,82.AE.252
gml_01241101-detail-b.jpg,"83.AE.252, side A, detail of altar",Detail of the larger object,83.AE.252
gml_01241101-detail-c.jpg,"83.AE.252, side A, detail of *kanoun*",Detail of an object held by one of the men (possibly a crown),83.AE.252
gml_012411F2V1-detail-d.jpg,"83.AE.252, side B, detail of body",Detail of the two people,83.AE.252
gml_01241401-detail-a.jpg,"83.AE.255, side A, detail of body",Detail of the two figures,83.AE.255
gml_012414F4V1-detail-b.jpg,"83.AE.255, side B, detail of body",Detail of one figure,83.AE.255
gml_01241401-detail-c.jpg,"83.AE.255, side A, detail of *kanoun*",Detail of the object (possibly a crown),83.AE.255
014048F2V1-detail-a.jpg,"86.AE.206, side A, detail of body",Detail of the three people,86.AE.206
01404801-detail-b.jpg,"86.AE.206, side B, detail of body",Detail of the two people,86.AE.206
gml_014998D13V1.jpg,"87.AE.93, detail of top of base, youths and dog pursuing hare","Another detail of the top of the foot, showing a hare running away from a dog and a man",87.AE.93
gml_014998D23V1.jpg,"87.AE.93, detail of top of base, youth attacking deer","Another detail of the top of the foot, showing a person slaying a deer",87.AE.93
gml_014998D24V1.jpg,"87.AE.93, detail of top of base, youth wrestling bull","Another detail of the top of the foot, showing a person subduing a bull",87.AE.93